{
    "wordInfoList": [
        {
            "word": "Hello",
            "clipfn": "helloSound.wav",
            "scale": 1.0,
            "pos": {
                "x": 1.100000023841858,
                "y": 2.200000047683716,
                "z": 3.299999952316284
            },
            "rot": {
                "x": 90.0,
                "y": 180.0,
                "z": 0.0,
                "w": 90.0
            }
        },
        {
            "word": "World",
            "clipfn": "worldSound.wav",
            "scale": 1.0,
            "pos": {
                "x": 4.099999904632568,
                "y": 5.199999809265137,
                "z": 6.300000190734863
            },
            "rot": {
                "x": 0.0,
                "y": 180.0,
                "z": 90.0,
                "w": 180.0
            }
        }
    ]
}